Id Part.,Nombre,Apellido,Edad,Sexo,Disparo.1,Disparo.2,Disparo.3,MejorDisparo,PromedioDisparoId Part.,Nombre,Apellido,Edad,Sexo,Disparo.1,Disparo.2,Disparo.3,MejorDisparo,PromedioDisparo
1,1,1,30,M,2.23606797749979,5.0,7.810249675906654,2.23606797749979,5.015439217802148
2,2,2,31,M,7.810249675906654,10.63014581273465,13.45362404707371,7.810249675906654,10.631339845238339
3,3,3,40,M,64.03124237432849,36.05551275463989,11.180339887498949,11.180339887498949,37.08903167215578
